nip;magazyn;;
5742080310;OTOR_SUR;;
5621675843;PIAS_SUR;ADMARK;
7861543007;OTOR_SUR;AGJ;
7842494710;OTOR_SUR;CHEM-GLAS;
7842494710;PIAS_SUR;CHEM-GLAS KERTI;
6311896088;PIAS_SUR;CIELAR;
8260000047;PIAS_SUR;DZIUBAK;
35042478;PIAS_SUR;EMMA;
6852289744;OTOR_SUR;FOLPOLTER;
6961727321;PIAS_SUR;GLOSS;
9490131463;PIAS_SUR;GRAÆYNA;
7261021714;PIAS_SUR;HEGA;
5561305656;PIAS_SUR;IVO-CAR;
5321097690;PIAS_SUR;KAMILEX;
7861635382;PIAS_SUR;KO-BOX;
6681000227;OTOR_SUR;KORINEX;
5732844800;OTOR_SUR;KOSTER;
7792385780;PIAS_SUR;LABOPRINT;
6221012625;PIAS_SUR;MASTERPLAST;
5732831915;PIAS_SUR;PARAFINUS;
9151619067;OTOR_SUR;PLANTAG;
5220203914;PIAS_SUR;POLNIX;
9491754539;PIAS_SUR;PROFI;
5320005208;OTOR_SUR;PRZEWORSKI;
7631020116;OTOR_SUR;RAFEX;
5741940791;PIAS_SUR;RAF-TEK;
5431830252;OTOR_SUR;RAPCEWICZ;
6251159014;OTOR_SUR;SOLAG;
8831694848;PIAS_SUR;SOLMAR;
5730114457;PIAS_SUR;STAMAR;
7831621808;OTOR_SUR;TEMPLAST;
;;;
;;;
;;;
;;;
;;;
;;;OTOR_SUR
